Move #	Angle (radians)	Distance(cells)
0	-0.7086262721276702	9.219544457292887
1	-0.15354378253955614	9.219544457292887
2	-2.819842099193151	17.4928556845359
3	0.540419500270584	6.0
4	1.4994888620096076	14.035668847618199
5	-0.5000300150483379	16.64331697709324
6	-1.1238138415080312	8.06225774829855
7	4.63934841508157	15.297058540778355
8	-0.49152882836498035	22.02271554554524
9	-0.7521694014241231	23.194827009486403
