Move #	Angle	Distance
0	0.32175055439664213	9.486832980505138
1	0.14189705460416402	8.94427190999916
2	-3.050932766389048	24.698178070456937
3	0.26555976819540505	20.518284528683193
4	0.7509290623979404	2.0
5	2.5702551737561663	16.64331697709324
6	0.004608262310120459	26.076809620810597
