Move #	Angle (radians)	Distance(cells)
0	0.7086262721276704	9.219544457292887
1	0.14334005504560166	10.63014581273465
2	-3.298820704566362	23.430749027719962
3	0.15722805097656878	21.2602916254693
4	-0.7276113326265106	8.06225774829855
5	-1.136552005998096	9.433981132056603
6	4.939187828438576	1.4142135623730951
7	-0.540419500270584	8.246211251235321
8	0.12591262568579809	19.313207915827967
9	-0.17349572896278143	20.396078054371138
