Move #	Angle (radians)	Distance(cells)
0	-0.896055384571344	6.4031242374328485
1	-0.6159851195078274	17.029386365926403
2	-0.9655059866839371	29.206163733020468
